index,value,average
0,11716.0,12729.958333333334
1,15846.0,15846.0
2,14117.0,14162.333333333334
3,7050.0,8252.833333333334
4,0.0,0.0
5,0.0,0.0
