index,value,average
0,11436.0,15893.0
1,18509.0,18509.0
2,12678.0,14276.578947368422
3,1304.0,1321.3684210526317
4,1896.0,3108.1052631578946
5,1176.0,1176.0
