index,value,average
0,22284.0,23383.263157894737
1,26340.0,26340.0
2,23424.0,24138.157894736843
3,7563.0,7580.368421052632
4,2919.0,4489.421052631579
5,2880.0,2880.0
