index,value,average
0,14031.0,18121.25
1,18613.0,18613.0
2,16203.0,17091.666666666668
3,9575.0,12447.666666666666
4,1134.0,1134.0
5,1134.0,1134.0
