index,value,average
0,23769.0,25327.105263157893
1,22167.0,22167.0
2,21525.0,22613.36842105263
3,5472.0,5489.368421052632
4,2691.0,4027.2631578947367
5,1005.0,1005.0
