index,value,average
0,12234.0,16250.333333333334
1,15887.0,15887.0
2,14217.0,14742.916666666666
3,7404.0,9782.541666666666
4,778.0,778.0
5,778.0,778.0
