index,value,average
0,12493.0,13876.48275862069
1,13945.0,13945.0
2,7714.0,9143.586206896553
3,9223.0,11590.862068965518
4,10032.0,10032.0
