index,value,average
0,7791.0,8380.068965517241
1,9616.0,9616.0
2,3294.0,4956.103448275862
3,6719.0,8787.448275862069
4,10886.0,10886.0
